{
  "train_total": [
    -7.653695583343506,
    -7.656836986541748,
    -7.66016960144043,
    -7.663354873657227,
    -7.6658453941345215,
    -7.667806148529053,
    -7.6695637702941895,
    -7.671264171600342,
    -7.672924041748047,
    -7.674537658691406,
    -7.675962448120117,
    -7.6772332191467285,
    -7.678567886352539,
    -7.679880142211914,
    -7.681192398071289,
    -7.6824445724487305,
    -7.683728218078613,
    -7.685079097747803,
    -7.686417102813721,
    -7.687743186950684
  ],
  "val_total": [
    -7.656850814819336,
    -7.660182952880859,
    -7.663371562957764,
    -7.665857791900635,
    -7.667813301086426,
    -7.669575214385986,
    -7.67127799987793,
    -7.672938346862793,
    -7.674549102783203,
    -7.67597770690918,
    -7.677244663238525,
    -7.678574562072754,
    -7.679892539978027,
    -7.681203842163086,
    -7.682463645935059,
    -7.683750152587891,
    -7.685100555419922,
    -7.686437129974365,
    -7.687762260437012,
    -7.689161777496338
  ],
  "train_recon": [
    0.2385481595993042,
    0.23604238033294678,
    0.23335447907447815,
    0.23080475628376007,
    0.2289583534002304,
    0.22763578593730927,
    0.2265152633190155,
    0.2254536896944046,
    0.22443395853042603,
    0.22345387935638428,
    0.22266381978988647,
    0.22202739119529724,
    0.22133271396160126,
    0.2206544280052185,
    0.21997837722301483,
    0.2193617969751358,
    0.21871788799762726,
    0.21800336241722107,
    0.21730400621891022,
    0.21661639213562012
  ],
  "val_recon": [
    0.2360374629497528,
    0.23334689438343048,
    0.23079630732536316,
    0.2289513200521469,
    0.22763191163539886,
    0.22650830447673798,
    0.2254452407360077,
    0.22442375123500824,
    0.22344651818275452,
    0.22265955805778503,
    0.22202445566654205,
    0.22133150696754456,
    0.22065147757530212,
    0.21997714042663574,
    0.2193557769060135,
    0.21870888769626617,
    0.21799641847610474,
    0.21729549765586853,
    0.21660585701465607,
    0.2158416211605072
  ]
}